codigo_ibge,municipio,Territorialidades,populacao_censo_2010,pib_total_mil_reais,pib_per_capita_2010,impostos_liquidos_mil_reais,vab_total_mil_reais,vab_agropecuaria_mil_reais,vab_industria_mil_reais,vab_servicos_exceto_adm_publica_mil_reais,vab_administracao_publica_mil_reais
4300034,Aceguá,Aceguá (RS),4394,104476.0,23776.97,4217.0,100258.0,54344.0,5399.0,24502.0,16014.0
4300109,Agudo,Agudo (RS),16722,245071.0,14655.6,24364.0,220706.0,68992.0,27290.0,80534.0,43890.0
4300208,Ajuricaba,Ajuricaba (RS),7255,132823.0,18307.79,10332.0,122491.0,41486.0,5922.0,55580.0,19502.0
4300307,Alecrim,Alecrim (RS),7045,58429.0,8293.68,2267.0,56163.0,17570.0,2219.0,18506.0,17867.0
4300406,Alegrete,Alegrete (RS),77653,1064425.0,13707.45,75747.0,988678.0,231041.0,116099.0,441686.0,199852.0
4300455,Alegria,Alegria (RS),4301,46637.0,10843.29,2100.0,44537.0,17765.0,1699.0,12082.0,12991.0
4300471,Almirante Tamandaré do Sul,Almirante Tamandaré do Sul (RS),2067,60757.0,29393.81,2995.0,57763.0,32132.0,2517.0,15143.0,7971.0
4300505,Alpestre,Alpestre (RS),8027,83489.0,10401.02,6157.0,77332.0,33450.0,4400.0,18045.0,21436.0
4300554,Alto Alegre,Alto Alegre (RS),1848,29527.0,15977.81,1494.0,28033.0,12085.0,1318.0,8110.0,6520.0
4300570,Alto Feliz,Alto Feliz (RS),2917,36097.0,12374.7,2719.0,33378.0,10694.0,7220.0,6714.0,8750.0
4300604,Alvorada,Alvorada (RS),195673,1360732.0,6954.11,130148.0,1230585.0,1230.0,245327.0,552611.0,431417.0
4300638,Amaral Ferrador,Amaral Ferrador (RS),6353,50626.0,7968.83,1446.0,49181.0,19193.0,1922.0,11023.0,17042.0
4300646,Ametista do Sul,Ametista do Sul (RS),7323,52009.0,7102.14,3402.0,48607.0,9652.0,7738.0,11426.0,19791.0
4300661,André da Rocha,André da Rocha (RS),1216,35657.0,29323.19,1339.0,34318.0,20038.0,1384.0,7693.0,5203.0
4300703,Anta Gorda,Anta Gorda (RS),6073,89139.0,14677.92,7199.0,81940.0,31630.0,6425.0,26915.0,16971.0
4300802,Antônio Prado,Antônio Prado (RS),12833,250585.0,19526.61,33228.0,217357.0,33961.0,60544.0,89740.0,33111.0
4300851,Arambaré,Arambaré (RS),3693,66994.0,18140.81,1641.0,65353.0,33380.0,3643.0,15759.0,12571.0
4300877,Araricá,Araricá (RS),4864,74628.0,15342.93,10993.0,63635.0,953.0,29441.0,21121.0,12120.0
4300901,Aratiba,Aratiba (RS),6565,1091182.0,166212.03,5205.0,1085977.0,39550.0,996415.0,28404.0,21608.0
4301305,Arroio Grande,Arroio Grande (RS),18470,298335.0,16152.41,15358.0,282977.0,118200.0,26550.0,91117.0,47109.0
4301008,Arroio do Meio,Arroio do Meio (RS),18783,515080.0,27422.67,73387.0,441692.0,30489.0,201031.0,161056.0,49116.0
4301073,Arroio do Padre,Arroio do Padre (RS),2730,27190.0,9959.71,1051.0,26139.0,9405.0,1794.0,5273.0,9667.0
4301057,Arroio do Sal,Arroio do Sal (RS),7740,104248.0,13468.73,8449.0,95799.0,1262.0,10713.0,58134.0,25689.0
4301206,Arroio do Tigre,Arroio do Tigre (RS),12648,187777.0,14846.38,9726.0,178051.0,71013.0,15711.0,59421.0,31906.0
4301107,Arroio dos Ratos,Arroio dos Ratos (RS),13606,111366.0,8185.07,7760.0,103606.0,10625.0,9933.0,47754.0,35294.0
4301404,Arvorezinha,Arvorezinha (RS),10225,114539.0,11201.86,7503.0,107036.0,30638.0,9049.0,43570.0,23780.0
4301503,Augusto Pestana,Augusto Pestana (RS),7096,140599.0,19813.84,10998.0,129600.0,42231.0,9776.0,58894.0,18699.0
4301602,Bagé,Bagé (RS),116794,1288068.0,11028.55,103888.0,1184180.0,78608.0,132453.0,676737.0,296382.0
4301636,Balneário Pinhal,Balneário Pinhal (RS),10856,101172.0,9319.45,6245.0,94926.0,4142.0,5839.0,51666.0,33280.0
4301958,Barra Funda,Barra Funda (RS),2367,73415.0,31016.05,7578.0,65837.0,10760.0,28257.0,18372.0,8447.0
4301859,Barra do Guarita,Barra do Guarita (RS),3089,22755.0,7366.46,544.0,22211.0,6790.0,1006.0,5039.0,9375.0
4301875,Barra do Quaraí,Barra do Quaraí (RS),4012,113516.0,28294.12,3343.0,110173.0,69477.0,6740.0,19312.0,14644.0
4301909,Barra do Ribeiro,Barra do Ribeiro (RS),12572,167618.0,13332.64,12980.0,154637.0,57978.0,13505.0,52043.0,31110.0
4301925,Barra do Rio Azul,Barra do Rio Azul (RS),2003,27049.0,13504.24,635.0,26414.0,15321.0,702.0,3563.0,6828.0
4301800,Barracão,Barracão (RS),5357,109024.0,20351.69,5398.0,103626.0,51691.0,4806.0,31619.0,15510.0
4302006,Barros Cassal,Barros Cassal (RS),11133,104410.0,9378.42,6248.0,98162.0,34018.0,4837.0,30873.0,28434.0
4301651,Barão,Barão (RS),5741,111632.0,19444.7,11320.0,100313.0,19110.0,48606.0,18228.0,14370.0
4301701,Barão de Cotegipe,Barão de Cotegipe (RS),6529,100064.0,15326.08,8858.0,91207.0,28549.0,13793.0,32597.0,16268.0
4301750,Barão do Triunfo,Barão do Triunfo (RS),7018,58348.0,8314.05,1471.0,56877.0,28178.0,1629.0,8776.0,18293.0
4302055,Benjamin Constant do Sul,Benjamin Constant do Sul (RS),2307,16712.0,7244.04,401.0,16311.0,6210.0,634.0,2843.0,6624.0
4302105,Bento Gonçalves,Bento Gonçalves (RS),107278,3508007.0,32700.15,612839.0,2895168.0,58970.0,1269259.0,1273889.0,293050.0
4302154,Boa Vista das Missões,Boa Vista das Missões (RS),2114,74989.0,35472.56,1555.0,73434.0,48407.0,3345.0,14074.0,7609.0
4302204,Boa Vista do Buricá,Boa Vista do Buricá (RS),6574,102532.0,15596.59,7430.0,95103.0,21120.0,15350.0,40534.0,18097.0
4302220,Boa Vista do Cadeado,Boa Vista do Cadeado (RS),2441,93827.0,38437.94,3263.0,90563.0,57833.0,3453.0,20018.0,9260.0
4302238,Boa Vista do Incra,Boa Vista do Incra (RS),2425,72654.0,29960.41,3376.0,69278.0,38201.0,2614.0,19215.0,9248.0
4302253,Boa Vista do Sul,Boa Vista do Sul (RS),2776,43793.0,15775.58,3661.0,40132.0,18885.0,3753.0,7646.0,9849.0
4302303,Bom Jesus,Bom Jesus (RS),11519,172919.0,15011.63,9034.0,163885.0,67123.0,15442.0,52300.0,29020.0
4302352,Bom Princípio,Bom Princípio (RS),11789,255594.0,21680.72,32536.0,223057.0,15285.0,94567.0,81667.0,31538.0
4302378,Bom Progresso,Bom Progresso (RS),2328,32038.0,13762.03,1932.0,30105.0,10711.0,2953.0,8601.0,7840.0
4302402,Bom Retiro do Sul,Bom Retiro do Sul (RS),11472,154180.0,13439.68,15845.0,138335.0,11059.0,50897.0,47250.0,29130.0
4302451,Boqueirão do Leão,Boqueirão do Leão (RS),7673,79804.0,10400.63,2252.0,77552.0,36667.0,4220.0,17080.0,19585.0
4302501,Bossoroca,Bossoroca (RS),6884,139996.0,20336.43,9116.0,130880.0,57409.0,5281.0,47514.0,20677.0
4302584,Bozano,Bozano (RS),2200,38632.0,17560.0,1062.0,37570.0,21062.0,1278.0,8042.0,7189.0
4302600,Braga,Braga (RS),3702,47540.0,12841.71,2101.0,45439.0,16503.0,2126.0,15310.0,11501.0
4302659,Brochier,Brochier (RS),4675,53512.0,11446.42,2979.0,50533.0,13623.0,7953.0,15843.0,13113.0
4302709,Butiá,Butiá (RS),20406,260633.0,12772.37,15439.0,245194.0,54361.0,56057.0,83787.0,50989.0
4302907,Cacequi,Cacequi (RS),13676,157588.0,11522.96,7424.0,150164.0,51082.0,10248.0,52256.0,36578.0
4303004,Cachoeira do Sul,Cachoeira do Sul (RS),83827,1222148.0,14579.41,112018.0,1110129.0,164275.0,210337.0,532775.0,202742.0
4303103,Cachoeirinha,Cachoeirinha (RS),118278,4248239.0,35917.41,1622590.0,2625649.0,412.0,904417.0,1392070.0,328751.0
4303202,Cacique Doble,Cacique Doble (RS),4868,59115.0,12143.59,1937.0,57178.0,27219.0,2981.0,14164.0,12814.0
4303301,Caibaté,Caibaté (RS),4954,69305.0,13989.71,4339.0,64965.0,22669.0,3444.0,24220.0,14632.0
4303400,Caiçara,Caiçara (RS),5071,51634.0,10182.21,1220.0,50414.0,23418.0,2675.0,9918.0,14403.0
4303509,Camaquã,Camaquã (RS),62764,1034395.0,16480.71,124628.0,909767.0,129387.0,154751.0,471871.0,153759.0
4303558,Camargo,Camargo (RS),2592,52327.0,20187.89,3044.0,49283.0,24609.0,3108.0,13065.0,8501.0
4303608,Cambará do Sul,Cambará do Sul (RS),6542,105716.0,16159.58,7358.0,98358.0,30124.0,24124.0,23676.0,20435.0
4303673,Campestre da Serra,Campestre da Serra (RS),3247,62159.0,19143.52,7730.0,54428.0,23527.0,6005.0,13857.0,11040.0
4303707,Campina das Missões,Campina das Missões (RS),6117,68468.0,11193.07,2816.0,65652.0,24340.0,3378.0,21687.0,16247.0
4303806,Campinas do Sul,Campinas do Sul (RS),5506,105987.0,19249.36,7303.0,98684.0,29496.0,7016.0,46734.0,15437.0
4303905,Campo Bom,Campo Bom (RS),60074,1754045.0,29198.07,291534.0,1462511.0,1427.0,746964.0,556416.0,157704.0
4304002,Campo Novo,Campo Novo (RS),5459,94139.0,17244.73,7179.0,86960.0,31975.0,5432.0,34360.0,15193.0
4304101,Campos Borges,Campos Borges (RS),3494,51422.0,14717.23,2718.0,48704.0,11992.0,12387.0,13863.0,10463.0
4304200,Candelária,Candelária (RS),30171,383562.0,12712.94,22343.0,361220.0,104600.0,43066.0,142663.0,70891.0
4304358,Candiota,Candiota (RS),8771,659547.0,75196.33,28933.0,630614.0,13950.0,534006.0,49154.0,33504.0
4304408,Canela,Canela (RS),39229,508128.0,12952.87,37188.0,470940.0,6504.0,120556.0,241916.0,101964.0
4304507,Canguçu,Canguçu (RS),53259,478822.0,8990.44,25930.0,452892.0,126302.0,23023.0,171395.0,132172.0
4304606,Canoas,Canoas (RS),323827,12718014.0,39274.1,2651602.0,10066412.0,4304.0,3684935.0,5482070.0,895103.0
4304614,Canudos do Vale,Canudos do Vale (RS),1807,22345.0,12365.8,507.0,21838.0,11221.0,783.0,3384.0,6450.0
4304689,Capela de Santana,Capela de Santana (RS),11612,102902.0,8861.69,9213.0,93690.0,12384.0,11815.0,41021.0,28469.0
4304697,Capitão,Capitão (RS),2636,35820.0,13588.77,897.0,34923.0,18415.0,2593.0,5304.0,8612.0
4304671,Capivari do Sul,Capivari do Sul (RS),3890,129264.0,33229.82,12666.0,116598.0,38737.0,14052.0,51075.0,12734.0
4304622,Capão Bonito do Sul,Capão Bonito do Sul (RS),1754,84105.0,47950.4,1958.0,82147.0,56760.0,4589.0,14751.0,6048.0
4304630,Capão da Canoa,Capão da Canoa (RS),42040,653655.0,15548.41,53582.0,600074.0,1554.0,137623.0,338633.0,122263.0
4304655,Capão do Cipó,Capão do Cipó (RS),3104,129685.0,41779.96,3766.0,125920.0,73013.0,15939.0,25903.0,11064.0
4304663,Capão do Leão,Capão do Leão (RS),24298,272056.0,11196.64,26582.0,245473.0,31867.0,69813.0,77949.0,65845.0
4304705,Carazinho,Carazinho (RS),59317,1157959.0,19521.54,147508.0,1010451.0,70333.0,171778.0,611076.0,157265.0
4304713,Caraá,Caraá (RS),7312,47902.0,6551.15,1437.0,46465.0,16712.0,3502.0,7538.0,18713.0
4304804,Carlos Barbosa,Carlos Barbosa (RS),25192,1010717.0,40120.55,205803.0,804914.0,31975.0,443260.0,262550.0,67128.0
4304853,Carlos Gomes,Carlos Gomes (RS),1607,19432.0,12092.1,376.0,19056.0,9234.0,703.0,3153.0,5965.0
4304903,Casca,Casca (RS),8651,214235.0,24764.19,23719.0,190516.0,51962.0,27847.0,87635.0,23073.0
4304952,Caseiros,Caseiros (RS),3007,53011.0,17629.2,2173.0,50839.0,22436.0,5630.0,13620.0,9153.0
4305009,Catuípe,Catuípe (RS),9323,151586.0,16259.36,8356.0,143230.0,55618.0,7743.0,55599.0,24269.0
4305108,Caxias do Sul,Caxias do Sul (RS),435564,16471201.0,37815.8,2812903.0,13658298.0,134143.0,6159310.0,6136943.0,1227902.0
4302808,Caçapava do Sul,Caçapava do Sul (RS),33690,406800.0,12074.8,33861.0,372939.0,54809.0,68978.0,162301.0,86850.0
4305116,Centenário,Centenário (RS),2965,31709.0,10694.44,971.0,30738.0,14754.0,1126.0,6534.0,8323.0
4305124,Cerrito,Cerrito (RS),6402,52861.0,8256.95,1946.0,50916.0,18193.0,3764.0,12446.0,16512.0
4305132,Cerro Branco,Cerro Branco (RS),4454,44613.0,10016.39,1275.0,43338.0,18473.0,1534.0,9827.0,13503.0
4305157,Cerro Grande,Cerro Grande (RS),2417,28000.0,11584.61,599.0,27402.0,13753.0,854.0,4656.0,8138.0
4305173,Cerro Grande do Sul,Cerro Grande do Sul (RS),10268,88898.0,8657.77,6389.0,82509.0,22175.0,5703.0,29566.0,25065.0
4305207,Cerro Largo,Cerro Largo (RS),13289,382028.0,28747.69,71781.0,310246.0,23861.0,36202.0,216988.0,33196.0
4305306,Chapada,Chapada (RS),9377,223013.0,23782.98,12376.0,210636.0,96949.0,18274.0,70161.0,25252.0
4305355,Charqueadas,Charqueadas (RS),35320,885720.0,25077.01,96943.0,788778.0,12560.0,482931.0,194480.0,98807.0
4305371,Charrua,Charrua (RS),3471,47096.0,13568.42,1604.0,45492.0,23682.0,1947.0,9839.0,10024.0
4305405,Chiapetta,Chiapetta (RS),4044,87422.0,21617.71,3475.0,83947.0,42049.0,4062.0,24691.0,13144.0
4305447,Chuvisca,Chuvisca (RS),4944,56075.0,11342.03,1401.0,54674.0,29490.0,2010.0,9188.0,13986.0
4305439,Chuí,Chuí (RS),5917,77517.0,13100.73,7492.0,70025.0,9284.0,4366.0,39942.0,16434.0
4305454,Cidreira,Cidreira (RS),12668,134801.0,10641.06,9176.0,125626.0,5944.0,10607.0,71288.0,37787.0
4305504,Ciríaco,Ciríaco (RS),4922,78476.0,15943.93,3858.0,74618.0,35774.0,3833.0,21821.0,13191.0
4305587,Colinas,Colinas (RS),2420,34201.0,14132.64,1575.0,32626.0,12052.0,5634.0,7355.0,7585.0
4305603,Colorado,Colorado (RS),3550,86792.0,24448.45,4759.0,82033.0,39539.0,3851.0,25862.0,12781.0
4305702,Condor,Condor (RS),6552,167682.0,25592.49,12123.0,155559.0,48584.0,30269.0,57176.0,19530.0
4305801,Constantina,Constantina (RS),9752,133239.0,13662.74,9327.0,123912.0,31458.0,8723.0,58737.0,24995.0
4305835,Coqueiro Baixo,Coqueiro Baixo (RS),1528,21570.0,14116.49,526.0,21043.0,12392.0,511.0,2709.0,5431.0
4305850,Coqueiros do Sul,Coqueiros do Sul (RS),2457,54683.0,22256.0,1676.0,53007.0,31476.0,2244.0,10704.0,8583.0
4305871,Coronel Barros,Coronel Barros (RS),2459,46138.0,18762.91,2810.0,43328.0,17770.0,2832.0,14044.0,8683.0
4305900,Coronel Bicaco,Coronel Bicaco (RS),7748,147487.0,19035.49,7045.0,140442.0,63079.0,7970.0,48796.0,20598.0
4305934,Coronel Pilar,Coronel Pilar (RS),1725,24512.0,14209.86,651.0,23862.0,13933.0,759.0,3149.0,6022.0
4305959,Cotiporã,Cotiporã (RS),3917,59293.0,15137.35,4417.0,54875.0,17595.0,10788.0,15745.0,10747.0
4305975,Coxilha,Coxilha (RS),2826,96160.0,34026.89,2342.0,93818.0,60696.0,4650.0,18529.0,9942.0
4306007,Crissiumal,Crissiumal (RS),14084,191328.0,13584.78,12433.0,178895.0,42098.0,43093.0,56897.0,36807.0
4306056,Cristal,Cristal (RS),7280,91590.0,12581.04,4680.0,86910.0,33779.0,6858.0,26905.0,19367.0
4306072,Cristal do Sul,Cristal do Sul (RS),2826,30002.0,10616.42,488.0,29514.0,15497.0,1031.0,4575.0,8410.0
4306106,Cruz Alta,Cruz Alta (RS),62821,1426496.0,22707.31,179531.0,1246965.0,105901.0,135085.0,849490.0,156489.0
4306130,Cruzaltense,Cruzaltense (RS),2141,35045.0,16368.52,1706.0,33339.0,15019.0,1382.0,9298.0,7640.0
4306205,Cruzeiro do Sul,Cruzeiro do Sul (RS),12320,157715.0,12801.54,16394.0,141322.0,30920.0,29282.0,52323.0,28797.0
4304309,Cândido Godói,Cândido Godói (RS),6535,125680.0,19231.83,6664.0,119016.0,35727.0,31212.0,35127.0,16951.0
4306304,David Canabarro,David Canabarro (RS),4683,72400.0,15460.18,2770.0,69630.0,32378.0,3779.0,20668.0,12805.0
4306320,Derrubadas,Derrubadas (RS),3190,44273.0,13878.68,1235.0,43038.0,23339.0,1966.0,7712.0,10022.0
4306353,Dezesseis de Novembro,Dezesseis de Novembro (RS),2866,23041.0,8039.43,889.0,22152.0,7318.0,752.0,4530.0,9551.0
4306379,Dilermando de Aguiar,Dilermando de Aguiar (RS),3064,53182.0,17357.05,1012.0,52170.0,25569.0,7018.0,9075.0,10507.0
4306403,Dois Irmãos,Dois Irmãos (RS),27572,947058.0,34348.54,129447.0,817611.0,5253.0,416382.0,324519.0,71456.0
4306429,Dois Irmãos das Missões,Dois Irmãos das Missões (RS),2157,56592.0,26236.44,2434.0,54158.0,32445.0,3089.0,10534.0,8091.0
4306452,Dois Lajeados,Dois Lajeados (RS),3278,56792.0,17325.2,2922.0,53870.0,21814.0,4869.0,16708.0,10479.0
4306502,Dom Feliciano,Dom Feliciano (RS),14380,142957.0,9941.38,5096.0,137861.0,60168.0,5155.0,33357.0,39180.0
4306601,Dom Pedrito,Dom Pedrito (RS),38898,622455.0,16002.24,39864.0,582591.0,176558.0,69161.0,235626.0,101246.0
4306551,Dom Pedro de Alcântara,Dom Pedro de Alcântara (RS),2550,42203.0,16550.2,2097.0,40106.0,5488.0,14881.0,11239.0,8499.0
4306700,Dona Francisca,Dona Francisca (RS),3401,36876.0,10842.69,2166.0,34710.0,9324.0,5858.0,9712.0,9816.0
4306734,Doutor Maurício Cardoso,Doutor Maurício Cardoso (RS),5313,87693.0,16505.36,4064.0,83629.0,36169.0,4070.0,28027.0,15363.0
4306759,Doutor Ricardo,Doutor Ricardo (RS),2030,30806.0,15175.37,2146.0,28660.0,11381.0,3548.0,7114.0,6618.0
4306767,Eldorado do Sul,Eldorado do Sul (RS),34343,682532.0,19873.98,122129.0,560403.0,33294.0,129850.0,295164.0,102094.0
4306809,Encantado,Encantado (RS),20510,438226.0,21366.46,57932.0,380295.0,23760.0,128766.0,178759.0,49010.0
4306908,Encruzilhada do Sul,Encruzilhada do Sul (RS),24534,224790.0,9162.39,12641.0,212149.0,57481.0,16225.0,75927.0,62516.0
4306924,Engenho Velho,Engenho Velho (RS),1527,28613.0,18738.05,1048.0,27565.0,10162.0,1175.0,9566.0,6662.0
4306957,Entre Rios do Sul,Entre Rios do Sul (RS),3080,308157.0,100050.97,2034.0,306123.0,12507.0,270282.0,12191.0,11143.0
4306932,Entre-Ijuís,Entre-Ijuís (RS),8938,140455.0,15714.37,8865.0,131590.0,52215.0,6630.0,49142.0,23603.0
4306973,Erebango,Erebango (RS),2970,46476.0,15648.48,1727.0,44749.0,21524.0,2927.0,10463.0,9834.0
4307005,Erechim,Erechim (RS),96087,2397415.0,24950.46,316251.0,2081164.0,33110.0,738631.0,1075459.0,233963.0
4307054,Ernestina,Ernestina (RS),3088,68798.0,22279.15,3140.0,65658.0,31369.0,6400.0,17777.0,10111.0
4307203,Erval Grande,Erval Grande (RS),5163,52431.0,10155.14,2967.0,49464.0,20768.0,3230.0,11886.0,13580.0
4307302,Erval Seco,Erval Seco (RS),7878,103634.0,13154.86,5356.0,98278.0,40747.0,6247.0,30841.0,20444.0
4307401,Esmeralda,Esmeralda (RS),3168,93011.0,29359.53,2754.0,90256.0,49658.0,4225.0,24434.0,11939.0
4307450,Esperança do Sul,Esperança do Sul (RS),3272,35742.0,10923.59,1263.0,34479.0,15654.0,1274.0,6884.0,10667.0
4307500,Espumoso,Espumoso (RS),15240,292440.0,19188.98,24639.0,267801.0,70385.0,25417.0,132865.0,39134.0
4307559,Estação,Estação (RS),6011,106867.0,17778.57,13163.0,93705.0,15504.0,22411.0,38721.0,17070.0
4307708,Esteio,Esteio (RS),80755,2096486.0,25961.07,332683.0,1763803.0,689.0,498136.0,1029517.0,235460.0
4307807,Estrela,Estrela (RS),30619,854165.0,27896.57,114595.0,739570.0,44309.0,258670.0,355605.0,80986.0
4307815,Estrela Velha,Estrela Velha (RS),3628,64587.0,17802.37,3787.0,60800.0,27264.0,2303.0,19741.0,11492.0
4307609,Estância Velha,Estância Velha (RS),42574,890155.0,20908.42,94296.0,795860.0,2422.0,395632.0,287603.0,110203.0
4307831,Eugênio de Castro,Eugênio de Castro (RS),2798,91912.0,32849.18,5209.0,86704.0,42468.0,6162.0,27909.0,10165.0
4307864,Fagundes Varela,Fagundes Varela (RS),2579,40801.0,15820.47,2958.0,37843.0,14295.0,5266.0,9754.0,8527.0
4307906,Farroupilha,Farroupilha (RS),63635,1853766.0,29131.23,363386.0,1490380.0,66134.0,616086.0,646973.0,161187.0
4308003,Faxinal do Soturno,Faxinal do Soturno (RS),6672,98132.0,14708.03,11151.0,86981.0,9336.0,15486.0,44877.0,17281.0
4308052,Faxinalzinho,Faxinalzinho (RS),2567,28685.0,11174.52,1503.0,27182.0,10980.0,1514.0,6931.0,7756.0
4308078,Fazenda Vilanova,Fazenda Vilanova (RS),3697,117144.0,31686.23,18180.0,98964.0,27926.0,31393.0,29559.0,10087.0
4308102,Feliz,Feliz (RS),12359,230756.0,18671.09,27809.0,202947.0,12667.0,61948.0,97163.0,31168.0
4308201,Flores da Cunha,Flores da Cunha (RS),27126,746720.0,27527.83,134736.0,611984.0,55416.0,269450.0,215793.0,71324.0
4308250,Floriano Peixoto,Floriano Peixoto (RS),2018,31201.0,15461.35,1279.0,29921.0,14037.0,1414.0,7637.0,6832.0
4308300,Fontoura Xavier,Fontoura Xavier (RS),10719,100063.0,9335.11,5260.0,94804.0,29114.0,6020.0,33113.0,26557.0
4308409,Formigueiro,Formigueiro (RS),7014,84747.0,12082.55,4938.0,79809.0,26611.0,6994.0,27295.0,18908.0
4308433,Forquetinha,Forquetinha (RS),2479,38520.0,15538.52,1322.0,37199.0,9365.0,14142.0,5618.0,8073.0
4308458,Fortaleza dos Valos,Fortaleza dos Valos (RS),4575,113383.0,24783.17,6258.0,107125.0,48662.0,3947.0,38254.0,16261.0
4308508,Frederico Westphalen,Frederico Westphalen (RS),28843,620513.0,21513.47,72830.0,547684.0,36009.0,111579.0,330868.0,69228.0
4308607,Garibaldi,Garibaldi (RS),30689,1013878.0,33037.18,184644.0,829234.0,33750.0,374959.0,336778.0,83747.0
4308656,Garruchos,Garruchos (RS),3234,60232.0,18624.61,2096.0,58136.0,30955.0,2363.0,12602.0,12216.0
4308706,Gaurama,Gaurama (RS),5862,98412.0,16788.13,8306.0,90106.0,24122.0,18319.0,32118.0,15547.0
4308805,General Câmara,General Câmara (RS),8447,95970.0,11361.43,3204.0,92766.0,34295.0,12523.0,24425.0,21523.0
4308854,Gentil,Gentil (RS),1677,49233.0,29357.78,3191.0,46042.0,22385.0,1673.0,15687.0,6297.0
4308904,Getúlio Vargas,Getúlio Vargas (RS),16154,291020.0,18015.35,30787.0,260233.0,37712.0,62099.0,119936.0,40485.0
4309001,Giruá,Giruá (RS),17075,377335.0,22098.68,33847.0,343489.0,100092.0,51841.0,143862.0,47693.0
4309050,Glorinha,Glorinha (RS),6891,291730.0,42334.93,42174.0,249556.0,8345.0,170207.0,48954.0,22050.0
4309100,Gramado,Gramado (RS),32273,904020.0,28011.65,117449.0,786571.0,12970.0,209967.0,466687.0,96947.0
4309159,Gramado Xavier,Gramado Xavier (RS),3970,39746.0,10011.59,1993.0,37753.0,18037.0,1476.0,5968.0,12271.0
4309126,Gramado dos Loureiros,Gramado dos Loureiros (RS),2269,23739.0,10462.32,478.0,23261.0,11128.0,765.0,3550.0,7818.0
4309209,Gravataí,Gravataí (RS),255660,7295813.0,28537.17,1432298.0,5863515.0,8323.0,3251216.0,1943200.0,660777.0
4309258,Guabiju,Guabiju (RS),1598,31262.0,19563.2,1540.0,29722.0,12585.0,1502.0,9911.0,5724.0
4309407,Guaporé,Guaporé (RS),22814,426315.0,18686.55,43375.0,382940.0,30798.0,127407.0,169087.0,55647.0
4309506,Guarani das Missões,Guarani das Missões (RS),8115,159411.0,19643.99,15925.0,143486.0,34462.0,31413.0,56156.0,21455.0
4309308,Guaíba,Guaíba (RS),95204,2910560.0,30571.82,978607.0,1931953.0,15656.0,528950.0,1141578.0,245770.0
4309555,Harmonia,Harmonia (RS),4254,64604.0,15186.65,6356.0,58249.0,12119.0,12113.0,20831.0,13185.0
4307104,Herval,Herval (RS),6753,57418.0,8502.59,2000.0,55418.0,19798.0,2397.0,13997.0,19227.0
4309571,Herveiras,Herveiras (RS),2954,34770.0,11770.48,1655.0,33115.0,16685.0,1403.0,5669.0,9358.0
4309605,Horizontina,Horizontina (RS),18348,892861.0,48662.58,131840.0,761021.0,29841.0,485439.0,193802.0,51939.0
4309654,Hulha Negra,Hulha Negra (RS),6043,72553.0,12006.12,7768.0,64784.0,14899.0,17576.0,14397.0,17913.0
4309704,Humaitá,Humaitá (RS),4919,79617.0,16185.61,4266.0,75350.0,28183.0,7092.0,25447.0,14628.0
4309753,Ibarama,Ibarama (RS),4371,45653.0,10444.52,1542.0,44111.0,19333.0,2473.0,8979.0,13326.0
4309803,Ibiaçá,Ibiaçá (RS),4710,99491.0,21123.35,9414.0,90077.0,38957.0,5971.0,31046.0,14103.0
4309902,Ibiraiaras,Ibiraiaras (RS),7171,133081.0,18558.22,11442.0,121640.0,39190.0,6083.0,56436.0,19930.0
4309951,Ibirapuitã,Ibirapuitã (RS),4061,51996.0,12803.74,2045.0,49951.0,24289.0,1766.0,12545.0,11351.0
4310009,Ibirubá,Ibirubá (RS),19310,505811.0,26194.25,63624.0,442187.0,84868.0,62485.0,245944.0,48890.0
4310108,Igrejinha,Igrejinha (RS),31660,1020677.0,32238.69,145626.0,875051.0,2578.0,524338.0,267499.0,80636.0
4310207,Ijuí,Ijuí (RS),78915,1627125.0,20618.7,163349.0,1463777.0,94393.0,172705.0,966089.0,230590.0
4310306,Ilópolis,Ilópolis (RS),4102,61038.0,14880.06,2975.0,58063.0,25308.0,4266.0,16975.0,11514.0
4310330,Imbé,Imbé (RS),17670,251066.0,14208.6,19851.0,231215.0,1068.0,24865.0,141312.0,63970.0
4310363,Imigrante,Imigrante (RS),3023,109756.0,36306.98,19786.0,89970.0,12079.0,45890.0,21311.0,10689.0
4310405,Independência,Independência (RS),6618,103774.0,15680.57,5785.0,97989.0,39708.0,8800.0,31692.0,17789.0
4310413,Inhacorá,Inhacorá (RS),2267,31648.0,13960.3,1319.0,30329.0,12500.0,1061.0,8143.0,8625.0
4310462,Ipiranga do Sul,Ipiranga do Sul (RS),1944,51188.0,26331.28,2032.0,49156.0,25261.0,2384.0,13485.0,8027.0
4310439,Ipê,Ipê (RS),6016,109156.0,18144.28,4470.0,104686.0,52118.0,7642.0,26989.0,17938.0
4310504,Iraí,Iraí (RS),8078,77345.0,9574.77,3268.0,74077.0,20329.0,4342.0,30093.0,19313.0
4310538,Itaara,Itaara (RS),5010,50052.0,9990.42,2520.0,47532.0,7329.0,10029.0,15578.0,14595.0
4310553,Itacurubi,Itacurubi (RS),3441,45254.0,13151.41,1107.0,44146.0,24089.0,1502.0,6858.0,11697.0
4310579,Itapuca,Itapuca (RS),2344,29266.0,12485.49,710.0,28556.0,16754.0,806.0,3585.0,7410.0
4310603,Itaqui,Itaqui (RS),38159,685710.0,17969.81,56935.0,628775.0,191116.0,105289.0,228998.0,103372.0
4310652,Itati,Itati (RS),2584,34599.0,13389.71,680.0,33919.0,17336.0,3314.0,5382.0,7886.0
4310702,Itatiba do Sul,Itatiba do Sul (RS),4171,37035.0,8879.17,1528.0,35508.0,13564.0,1956.0,8477.0,11510.0
4310751,Ivorá,Ivorá (RS),2156,31950.0,14819.11,732.0,31218.0,11738.0,1835.0,10213.0,7431.0
4310801,Ivoti,Ivoti (RS),19874,507997.0,25560.88,62430.0,445567.0,3864.0,202200.0,185974.0,53529.0
4310850,Jaboticaba,Jaboticaba (RS),4098,56778.0,13855.05,2641.0,54137.0,22596.0,2500.0,17057.0,11984.0
4310876,Jacuizinho,Jacuizinho (RS),2507,38898.0,15515.76,666.0,38232.0,22827.0,1393.0,5938.0,8075.0
4310900,Jacutinga,Jacutinga (RS),3633,68575.0,18875.58,4267.0,64308.0,23264.0,8819.0,20720.0,11506.0
4311106,Jaguari,Jaguari (RS),11473,137335.0,11970.28,7977.0,129359.0,39716.0,9783.0,50766.0,29093.0
4311007,Jaguarão,Jaguarão (RS),27931,328128.0,11747.81,18552.0,309577.0,90792.0,20122.0,130795.0,67868.0
4311122,Jaquirana,Jaquirana (RS),4177,39915.0,9555.9,2121.0,37794.0,11164.0,3119.0,10951.0,12561.0
4311130,Jari,Jari (RS),3575,74746.0,20907.97,1268.0,73477.0,48130.0,2705.0,10719.0,11923.0
4311155,Jóia,Jóia (RS),8331,205159.0,24625.98,9508.0,195651.0,106889.0,7238.0,57066.0,24458.0
4311205,Júlio de Castilhos,Júlio de Castilhos (RS),19579,409433.0,20911.84,31099.0,378335.0,132886.0,19489.0,174432.0,51528.0
4311239,Lagoa Bonita do Sul,Lagoa Bonita do Sul (RS),2662,29701.0,11157.4,1058.0,28642.0,15243.0,1270.0,4940.0,7188.0
4311304,Lagoa Vermelha,Lagoa Vermelha (RS),27525,548331.0,19921.2,51962.0,496370.0,101280.0,114096.0,214959.0,66034.0
4311270,Lagoa dos Três Cantos,Lagoa dos Três Cantos (RS),1598,40528.0,25361.7,1888.0,38640.0,20556.0,1417.0,10570.0,6096.0
4311254,Lagoão,Lagoão (RS),6185,53269.0,8612.61,1074.0,52194.0,25534.0,1951.0,7854.0,16855.0
4311403,Lajeado,Lajeado (RS),71445,2118848.0,29657.05,326219.0,1792629.0,10445.0,448136.0,1153923.0,180124.0
4311429,Lajeado do Bugre,Lajeado do Bugre (RS),2487,23662.0,9514.27,461.0,23200.0,10879.0,729.0,3886.0,7706.0
4311502,Lavras do Sul,Lavras do Sul (RS),7679,120060.0,15634.85,4567.0,115493.0,58776.0,6198.0,27015.0,23504.0
4311601,Liberato Salzano,Liberato Salzano (RS),5780,56213.0,9725.43,1915.0,54298.0,24337.0,3501.0,11399.0,15061.0
4311627,Lindolfo Collor,Lindolfo Collor (RS),5227,158709.0,30363.31,11929.0,146779.0,2583.0,103941.0,25001.0,15254.0
4311643,Linha Nova,Linha Nova (RS),1624,24368.0,15004.93,649.0,23719.0,11870.0,2314.0,3807.0,5729.0
4311700,Machadinho,Machadinho (RS),5510,74352.0,13494.01,3041.0,71311.0,31752.0,3003.0,20730.0,15827.0
4311734,Mampituba,Mampituba (RS),3003,24519.0,8164.84,483.0,24036.0,10755.0,1019.0,3632.0,8629.0
4311759,Manoel Viana,Manoel Viana (RS),7072,100888.0,14265.84,4453.0,96435.0,43433.0,5364.0,27457.0,20181.0
4311775,Maquiné,Maquiné (RS),6905,57593.0,8340.77,3526.0,54067.0,11817.0,7120.0,17276.0,17854.0
4311791,Maratá,Maratá (RS),2527,53775.0,21280.17,3401.0,50374.0,11329.0,19026.0,10782.0,9237.0
4311809,Marau,Marau (RS),36364,1103374.0,30342.48,129425.0,973949.0,96489.0,403323.0,375988.0,98149.0
4311908,Marcelino Ramos,Marcelino Ramos (RS),5134,58725.0,11438.45,3282.0,55443.0,14977.0,4980.0,21752.0,13734.0
4311981,Mariana Pimentel,Mariana Pimentel (RS),3768,40072.0,10634.82,1974.0,38098.0,16780.0,2073.0,7687.0,11557.0
4312005,Mariano Moro,Mariano Moro (RS),2210,25666.0,11613.57,1303.0,24363.0,8849.0,1341.0,6572.0,7601.0
4312054,Marques de Souza,Marques de Souza (RS),4068,45269.0,11128.07,3782.0,41487.0,13305.0,3538.0,12713.0,11932.0
4312104,Mata,Mata (RS),5111,50652.0,9910.39,2135.0,48517.0,14783.0,4311.0,15314.0,14110.0
4312138,Mato Castelhano,Mato Castelhano (RS),2470,52401.0,21214.98,2298.0,50103.0,27588.0,1849.0,12581.0,8084.0
4312153,Mato Leitão,Mato Leitão (RS),3865,95302.0,24657.7,11251.0,84051.0,7837.0,41088.0,23289.0,11838.0
4312179,Mato Queimado,Mato Queimado (RS),1799,27643.0,15365.76,672.0,26971.0,15273.0,973.0,4785.0,5940.0
4312203,Maximiliano de Almeida,Maximiliano de Almeida (RS),4911,58587.0,11929.75,2808.0,55779.0,19519.0,4308.0,17642.0,14310.0
4311718,Maçambará,Maçambará (RS),4738,124070.0,26186.15,4060.0,120010.0,72148.0,10657.0,20356.0,16849.0
4312252,Minas do Leão,Minas do Leão (RS),7631,86219.0,11298.52,9081.0,77138.0,23554.0,10170.0,23609.0,19805.0
4312302,Miraguaí,Miraguaí (RS),4855,55126.0,11354.48,3959.0,51166.0,14908.0,8645.0,14354.0,13260.0
4312351,Montauri,Montauri (RS),1542,33903.0,21986.38,4210.0,29693.0,16375.0,2840.0,5245.0,5234.0
4312377,Monte Alegre dos Campos,Monte Alegre dos Campos (RS),3102,31182.0,10052.22,733.0,30449.0,11871.0,3323.0,5017.0,10238.0
4312385,Monte Belo do Sul,Monte Belo do Sul (RS),2670,74077.0,27744.19,4530.0,69546.0,14646.0,31994.0,14006.0,8900.0
4312401,Montenegro,Montenegro (RS),59415,1840974.0,30985.0,306109.0,1534865.0,37137.0,737644.0,599401.0,160684.0
4312427,Mormaço,Mormaço (RS),2749,46599.0,16951.26,3063.0,43536.0,17925.0,1536.0,14982.0,9093.0
4312443,Morrinhos do Sul,Morrinhos do Sul (RS),3182,35750.0,11235.07,1720.0,34030.0,14640.0,1480.0,7967.0,9943.0
4312450,Morro Redondo,Morro Redondo (RS),6227,60069.0,9646.54,6123.0,53946.0,10730.0,10871.0,15260.0,17085.0
4312476,Morro Reuter,Morro Reuter (RS),5676,90962.0,16025.72,7389.0,83573.0,12545.0,28962.0,25707.0,16359.0
4312500,Mostardas,Mostardas (RS),12124,200168.0,16510.06,7694.0,192474.0,92846.0,12824.0,52929.0,33875.0
4312617,Muitos Capões,Muitos Capões (RS),2988,227908.0,76274.43,3834.0,224074.0,166946.0,10879.0,35110.0,11138.0
4312625,Muliterno,Muliterno (RS),1813,27280.0,15046.88,759.0,26521.0,14131.0,1605.0,4305.0,6480.0
4312609,Muçum,Muçum (RS),4791,187455.0,39126.49,14454.0,173001.0,7941.0,109008.0,42570.0,13482.0
4312674,Nicolau Vergueiro,Nicolau Vergueiro (RS),1721,43769.0,25432.31,2392.0,41377.0,21380.0,1390.0,12149.0,6458.0
4312708,Nonoai,Nonoai (RS),12074,185121.0,15332.2,17110.0,168011.0,36340.0,11216.0,88424.0,32031.0
4312757,Nova Alvorada,Nova Alvorada (RS),3182,70145.0,22044.31,8617.0,61527.0,22697.0,4276.0,24501.0,10054.0
4312807,Nova Araçá,Nova Araçá (RS),4001,139157.0,34780.55,18148.0,121009.0,17314.0,55022.0,37322.0,11351.0
4312906,Nova Bassano,Nova Bassano (RS),8840,429210.0,48553.17,37607.0,391602.0,36284.0,243407.0,87182.0,24729.0
4312955,Nova Boa Vista,Nova Boa Vista (RS),1960,33781.0,17235.2,1875.0,31907.0,14778.0,3250.0,6715.0,7164.0
4313003,Nova Bréscia,Nova Bréscia (RS),3184,57241.0,17977.7,2317.0,54925.0,26028.0,4401.0,13561.0,10935.0
4313011,Nova Candelária,Nova Candelária (RS),2751,63604.0,23120.32,6944.0,56660.0,23178.0,15683.0,8887.0,8911.0
4313037,Nova Esperança do Sul,Nova Esperança do Sul (RS),4671,87917.0,18821.88,5963.0,81953.0,8481.0,39527.0,20429.0,13516.0
4313060,Nova Hartz,Nova Hartz (RS),18346,580508.0,31642.21,83264.0,497244.0,1417.0,342881.0,104888.0,48059.0
4313102,Nova Palma,Nova Palma (RS),6342,112181.0,17688.58,8466.0,103715.0,21030.0,17708.0,46690.0,18288.0
4313201,Nova Petrópolis,Nova Petrópolis (RS),19045,401985.0,21107.11,51863.0,350121.0,21881.0,113614.0,166342.0,48285.0
4313300,Nova Prata,Nova Prata (RS),22830,691969.0,30309.64,93159.0,598810.0,28071.0,263918.0,241322.0,65499.0
4313086,Nova Pádua,Nova Pádua (RS),2450,39163.0,15984.9,2249.0,36914.0,14527.0,2968.0,11680.0,7738.0
4313334,Nova Ramada,Nova Ramada (RS),2437,48522.0,19910.55,1728.0,46794.0,25714.0,1634.0,10576.0,8870.0
4313359,Nova Roma do Sul,Nova Roma do Sul (RS),3343,65324.0,19540.53,6584.0,58740.0,14986.0,15076.0,17257.0,11421.0
4313375,Nova Santa Rita,Nova Santa Rita (RS),22716,524361.0,23083.33,94404.0,429957.0,11400.0,149718.0,204266.0,64573.0
4313490,Novo Barreiro,Novo Barreiro (RS),3978,42423.0,10664.4,1723.0,40701.0,15086.0,2157.0,11609.0,11849.0
4313391,Novo Cabrais,Novo Cabrais (RS),3855,44736.0,11604.67,1765.0,42972.0,20241.0,1731.0,8975.0,12025.0
4313409,Novo Hamburgo,Novo Hamburgo (RS),238940,5536880.0,23172.68,685171.0,4851708.0,8881.0,1566437.0,2651048.0,625342.0
4313425,Novo Machado,Novo Machado (RS),3925,56117.0,14297.32,2486.0,53631.0,25787.0,2367.0,13458.0,12019.0
4313441,Novo Tiradentes,Novo Tiradentes (RS),2277,25033.0,10993.85,695.0,24338.0,11295.0,841.0,4935.0,7266.0
4313466,Novo Xingu,Novo Xingu (RS),1757,25962.0,14776.32,778.0,25184.0,12041.0,1974.0,5192.0,5977.0
4312658,Não-Me-Toque,Não-Me-Toque (RS),15936,618498.0,38811.37,98732.0,519766.0,62629.0,211327.0,201978.0,43831.0
4313508,Osório,Osório (RS),40906,1239025.0,30289.57,543055.0,695969.0,10446.0,123951.0,425000.0,136571.0
4313607,Paim Filho,Paim Filho (RS),4243,65457.0,15427.06,2972.0,62485.0,29218.0,2874.0,18205.0,12188.0
4313656,Palmares do Sul,Palmares do Sul (RS),10969,178193.0,16245.15,10478.0,167715.0,57371.0,16600.0,62295.0,31449.0
4313706,Palmeira das Missões,Palmeira das Missões (RS),34328,642628.0,18720.23,50881.0,591747.0,174742.0,64513.0,267907.0,84585.0
4313805,Palmitinho,Palmitinho (RS),6920,79192.0,11443.93,3287.0,75904.0,24479.0,9421.0,24175.0,17829.0
4313904,Panambi,Panambi (RS),38058,1100161.0,28907.48,141896.0,958265.0,60213.0,427218.0,366499.0,104335.0
4313953,Pantano Grande,Pantano Grande (RS),9895,158235.0,15991.41,10184.0,148051.0,48049.0,24620.0,49287.0,26094.0
4314001,Paraí,Paraí (RS),6812,143527.0,21069.73,17684.0,125843.0,26047.0,37062.0,45202.0,17533.0
4314027,Paraíso do Sul,Paraíso do Sul (RS),7336,80377.0,10956.52,3353.0,77024.0,32294.0,4717.0,21480.0,18533.0
4314035,Pareci Novo,Pareci Novo (RS),3511,49842.0,14195.96,3202.0,46640.0,17497.0,2955.0,14450.0,11738.0
4314050,Parobé,Parobé (RS),51502,729607.0,14166.58,78829.0,650778.0,3091.0,290464.0,226195.0,131028.0
4314068,Passa Sete,Passa Sete (RS),5154,50410.0,9780.75,1266.0,49143.0,23947.0,2303.0,7704.0,15189.0
4314100,Passo Fundo,Passo Fundo (RS),184826,3903722.0,21121.07,486105.0,3417616.0,69975.0,471002.0,2425573.0,451066.0
4314076,Passo do Sobrado,Passo do Sobrado (RS),6011,91883.0,15285.81,7423.0,84461.0,35806.0,10987.0,20599.0,17069.0
4314134,Paulo Bento,Paulo Bento (RS),2196,46621.0,21229.96,3368.0,43252.0,15165.0,13693.0,7458.0,6936.0
4314159,Paverama,Paverama (RS),8044,87373.0,10861.88,5588.0,81785.0,27273.0,12904.0,22056.0,19553.0
4314175,Pedras Altas,Pedras Altas (RS),2212,39314.0,17773.06,798.0,38517.0,22797.0,1305.0,4779.0,9636.0
4314209,Pedro Osório,Pedro Osório (RS),7811,105593.0,13518.5,4770.0,100823.0,18464.0,28517.0,34644.0,19198.0
4314308,Pejuçara,Pejuçara (RS),3973,118717.0,29880.95,5866.0,112851.0,55879.0,5642.0,37793.0,13536.0
4314407,Pelotas,Pelotas (RS),328275,4227940.0,12879.26,416418.0,3811522.0,108883.0,577117.0,2330712.0,794810.0
4314423,Picada Café,Picada Café (RS),5182,238961.0,46113.66,42070.0,196891.0,5463.0,134590.0,41299.0,15539.0
4314456,Pinhal,Pinhal (RS),2513,35759.0,14229.61,2085.0,33674.0,13963.0,5050.0,6616.0,8046.0
4314472,Pinhal Grande,Pinhal Grande (RS),4471,338627.0,75738.54,3002.0,335625.0,33877.0,263914.0,20935.0,16898.0
4314464,Pinhal da Serra,Pinhal da Serra (RS),2130,319504.0,150001.88,30238.0,289266.0,19226.0,250632.0,9225.0,10183.0
4314498,Pinheirinho do Vale,Pinheirinho do Vale (RS),4497,44923.0,9989.55,1500.0,43423.0,19186.0,2721.0,8462.0,13053.0
4314506,Pinheiro Machado,Pinheiro Machado (RS),12780,160692.0,12573.71,12685.0,148006.0,24717.0,38677.0,47550.0,37062.0
4314555,Pirapó,Pirapó (RS),2757,28364.0,10287.99,941.0,27423.0,11495.0,865.0,5760.0,9303.0
4314605,Piratini,Piratini (RS),19841,182158.0,9180.89,8924.0,173233.0,58064.0,10570.0,55267.0,49332.0
4314704,Planalto,Planalto (RS),10524,98172.0,9328.39,6291.0,91881.0,17260.0,11364.0,37705.0,25552.0
4314787,Ponte Preta,Ponte Preta (RS),1750,26064.0,14893.71,959.0,25106.0,13082.0,1538.0,4534.0,5952.0
4314779,Pontão,Pontão (RS),3857,110778.0,28721.29,5044.0,105734.0,59249.0,5383.0,27683.0,13419.0
4314902,Porto Alegre,Porto Alegre (RS),1409351,42724992.0,30315.37,7022068.0,35702923.0,14048.0,5024455.0,26581976.0,4082445.0
4315008,Porto Lucena,Porto Lucena (RS),5413,53950.0,9966.75,2131.0,51820.0,16776.0,2046.0,19082.0,13915.0
4315057,Porto Mauá,Porto Mauá (RS),2542,27848.0,10955.15,1130.0,26718.0,9844.0,1101.0,7155.0,8618.0
4315073,Porto Vera Cruz,Porto Vera Cruz (RS),1852,18369.0,9918.47,437.0,17932.0,7188.0,608.0,3412.0,6724.0
4315107,Porto Xavier,Porto Xavier (RS),10558,93760.0,8880.47,7961.0,85799.0,11175.0,5931.0,42195.0,26498.0
4314803,Portão,Portão (RS),30920,761657.0,24633.15,97334.0,664323.0,22102.0,338842.0,224527.0,78852.0
4315131,Pouso Novo,Pouso Novo (RS),1875,28794.0,15356.8,1336.0,27458.0,13063.0,1060.0,6563.0,6772.0
4314753,Poço das Antas,Poço das Antas (RS),2017,26794.0,13284.09,1340.0,25454.0,11231.0,2591.0,5405.0,6228.0
4315149,Presidente Lucena,Presidente Lucena (RS),2484,35205.0,14172.71,3867.0,31338.0,4810.0,9594.0,9048.0,7887.0
4315156,Progresso,Progresso (RS),6163,68682.0,11144.25,2485.0,66197.0,29284.0,4113.0,16619.0,16182.0
4315172,Protásio Alves,Protásio Alves (RS),2000,27191.0,13595.5,805.0,26386.0,14450.0,1302.0,4020.0,6615.0
4315206,Putinga,Putinga (RS),4141,53495.0,12918.38,2391.0,51104.0,22205.0,4793.0,12354.0,11751.0
4315305,Quaraí,Quaraí (RS),23021,241715.0,10499.76,12462.0,229253.0,67877.0,13055.0,95669.0,52652.0
4315313,Quatro Irmãos,Quatro Irmãos (RS),1775,47980.0,27030.99,1190.0,46790.0,29429.0,1922.0,9016.0,6423.0
4315321,Quevedos,Quevedos (RS),2710,58505.0,21588.56,2075.0,56430.0,31860.0,1967.0,12567.0,10036.0
4315354,Quinze de Novembro,Quinze de Novembro (RS),3653,73118.0,20015.88,4713.0,68405.0,30309.0,2694.0,24016.0,11386.0
4315404,Redentora,Redentora (RS),10222,68468.0,6698.1,2582.0,65886.0,21544.0,3469.0,16720.0,24153.0
4315453,Relvado,Relvado (RS),2155,30884.0,14331.32,961.0,29923.0,13666.0,1479.0,7577.0,7202.0
4315503,Restinga Sêca,Restinga Seca (RS),15849,199249.0,12571.71,10754.0,188495.0,55099.0,20214.0,72812.0,40370.0
4315602,Rio Grande,Rio Grande (RS),197228,5143121.0,26077.03,1401553.0,3741567.0,119454.0,836335.0,2269686.0,516093.0
4315701,Rio Pardo,Rio Pardo (RS),37591,439146.0,11682.21,31727.0,407419.0,105502.0,47454.0,166325.0,88137.0
4315552,Rio dos Índios,Rio dos Índios (RS),3616,39770.0,10998.34,1867.0,37903.0,16088.0,1379.0,9323.0,11113.0
4315750,Riozinho,Riozinho (RS),4330,72344.0,16707.62,8300.0,64044.0,2729.0,33423.0,15219.0,12674.0
4315800,Roca Sales,Roca Sales (RS),10284,203690.0,19806.5,16650.0,187040.0,28473.0,80630.0,51620.0,26317.0
4315909,Rodeio Bonito,Rodeio Bonito (RS),5743,73328.0,12768.24,6855.0,66473.0,15992.0,10697.0,24506.0,15278.0
4315958,Rolador,Rolador (RS),2546,44485.0,17472.51,1227.0,43258.0,25559.0,1486.0,7853.0,8359.0
4316006,Rolante,Rolante (RS),19485,297375.0,15261.74,26894.0,270482.0,9046.0,114712.0,98888.0,47835.0
4316105,Ronda Alta,Ronda Alta (RS),10221,155991.0,15261.81,8706.0,147285.0,56872.0,7793.0,58043.0,24577.0
4316204,Rondinha,Rondinha (RS),5518,85923.0,15571.4,3724.0,82199.0,37960.0,4022.0,25203.0,15014.0
4316303,Roque Gonzales,Roque Gonzales (RS),7203,79677.0,11061.64,5380.0,74297.0,26282.0,3907.0,24762.0,19346.0
4316402,Rosário do Sul,Rosário do Sul (RS),39707,521125.0,13124.26,36532.0,484593.0,114483.0,61533.0,209167.0,99410.0
4316428,Sagrada Família,Sagrada Família (RS),2595,25367.0,9775.34,742.0,24625.0,10553.0,897.0,4964.0,8212.0
4316436,Saldanha Marinho,Saldanha Marinho (RS),2869,64711.0,22555.25,4009.0,60702.0,25267.0,2194.0,22533.0,10707.0
4316451,Salto do Jacuí,Salto do Jacuí (RS),11880,438446.0,36906.23,8857.0,429589.0,36675.0,301536.0,55561.0,35817.0
4316477,Salvador das Missões,Salvador das Missões (RS),2669,59579.0,22322.59,6017.0,53562.0,16712.0,8887.0,18225.0,9739.0
4316501,Salvador do Sul,Salvador do Sul (RS),6747,169695.0,25151.18,21880.0,147815.0,35141.0,23636.0,70208.0,18830.0
4316600,Sananduva,Sananduva (RS),15373,278521.0,18117.54,30079.0,248443.0,61098.0,27949.0,122239.0,37157.0
4317103,Sant'Ana do Livramento,Sant'Ana do Livramento (RS),82464,873868.0,10596.96,66412.0,807456.0,113164.0,37286.0,442881.0,214125.0
4316709,Santa Bárbara do Sul,Santa Bárbara do Sul (RS),8829,263234.0,29814.7,18311.0,244923.0,104628.0,14569.0,99249.0,26477.0
4316733,Santa Cecília do Sul,Santa Cecília do Sul (RS),1655,35138.0,21231.42,1245.0,33892.0,19095.0,1062.0,7697.0,6038.0
4316758,Santa Clara do Sul,Santa Clara do Sul (RS),5697,90470.0,15880.29,6090.0,84380.0,13145.0,34388.0,20982.0,15865.0
4316808,Santa Cruz do Sul,Santa Cruz do Sul (RS),118374,4176628.0,35283.32,1069882.0,3106747.0,121671.0,1039747.0,1624540.0,320788.0
4316972,Santa Margarida do Sul,Santa Margarida do Sul (RS),2352,91181.0,38767.43,2025.0,89156.0,60919.0,4802.0,14598.0,8837.0
4316907,Santa Maria,Santa Maria (RS),261031,4006384.0,15348.31,407794.0,3598590.0,77803.0,510854.0,2364102.0,645830.0
4316956,Santa Maria do Herval,Santa Maria do Herval (RS),6053,123943.0,20476.29,12774.0,111170.0,13553.0,40278.0,39971.0,17367.0
4317202,Santa Rosa,Santa Rosa (RS),68587,1486462.0,21672.65,188357.0,1298105.0,62655.0,396757.0,654028.0,184664.0
4317251,Santa Tereza,Santa Tereza (RS),1720,23491.0,13657.56,1134.0,22357.0,9401.0,2225.0,5031.0,5700.0
4317301,Santa Vitória do Palmar,Santa Vitória do Palmar (RS),30990,450869.0,14548.85,19833.0,431037.0,174527.0,34345.0,138056.0,84108.0
4317004,Santana da Boa Vista,Santana da Boa Vista (RS),8242,73889.0,8964.94,2883.0,71006.0,27347.0,2514.0,18779.0,22366.0
4317400,Santiago,Santiago (RS),49071,547609.0,11159.52,39447.0,508162.0,48319.0,43208.0,299728.0,116908.0
4317608,Santo Antônio da Patrulha,Santo Antônio da Patrulha (RS),39685,573106.0,14441.38,65426.0,507680.0,45292.0,162842.0,202818.0,96729.0
4317707,Santo Antônio das Missões,Santo Antônio das Missões (RS),11210,149619.0,13346.92,7049.0,142570.0,69640.0,6406.0,36331.0,30192.0
4317558,Santo Antônio do Palma,Santo Antônio do Palma (RS),2139,35973.0,16817.67,1419.0,34554.0,17634.0,3376.0,6929.0,6615.0
4317756,Santo Antônio do Planalto,Santo Antônio do Planalto (RS),1987,53061.0,26704.08,2206.0,50856.0,28184.0,2289.0,11926.0,8457.0
4317806,Santo Augusto,Santo Augusto (RS),13968,244638.0,17514.18,18724.0,225914.0,65632.0,15721.0,107633.0,36928.0
4317905,Santo Cristo,Santo Cristo (RS),14378,274500.0,19091.67,31237.0,243264.0,55992.0,40046.0,109963.0,37262.0
4317954,Santo Expedito do Sul,Santo Expedito do Sul (RS),2461,34997.0,14220.64,1371.0,33626.0,17505.0,1038.0,7108.0,7975.0
4317509,Santo Ângelo,Santo Ângelo (RS),76275,1203996.0,15784.94,113804.0,1090192.0,73631.0,173341.0,656327.0,186893.0
4319901,Sapiranga,Sapiranga (RS),74985,1571774.0,20961.18,157976.0,1413798.0,2892.0,720724.0,496470.0,193713.0
4320008,Sapucaia do Sul,Sapucaia do Sul (RS),130957,2242808.0,17126.29,286239.0,1956569.0,2748.0,921947.0,698676.0,333197.0
4320107,Sarandi,Sarandi (RS),21285,449684.0,21126.8,47594.0,402089.0,48030.0,106555.0,192587.0,54917.0
4320206,Seberi,Seberi (RS),10897,152152.0,13962.74,8813.0,143339.0,49502.0,10781.0,54544.0,28512.0
4320230,Sede Nova,Sede Nova (RS),3011,49861.0,16559.61,3005.0,46856.0,20605.0,2716.0,14240.0,9295.0
4320263,Segredo,Segredo (RS),7158,73685.0,10294.08,1807.0,71878.0,35914.0,2816.0,13957.0,19191.0
4320305,Selbach,Selbach (RS),4929,118424.0,24025.97,12249.0,106176.0,33184.0,10094.0,47856.0,15042.0
4320321,Senador Salgado Filho,Senador Salgado Filho (RS),2814,43134.0,15328.36,2137.0,40996.0,21116.0,1740.0,8745.0,9395.0
4320354,Sentinela do Sul,Sentinela do Sul (RS),5198,47026.0,9046.94,2007.0,45020.0,18520.0,2588.0,9577.0,14335.0
4320404,Serafina Corrêa,Serafina Corrêa (RS),14253,364123.0,25547.11,36752.0,327371.0,36933.0,132759.0,119874.0,37805.0
4320503,Sertão,Sertão (RS),6294,129825.0,20626.79,4490.0,125335.0,68992.0,7447.0,31181.0,17714.0
4320552,Sertão Santana,Sertão Santana (RS),5850,81311.0,13899.32,6728.0,74583.0,22762.0,7647.0,28227.0,15947.0
4320578,Sete de Setembro,Sete de Setembro (RS),2124,34429.0,16209.51,822.0,33607.0,18785.0,1998.0,5672.0,7153.0
4320602,Severiano de Almeida,Severiano de Almeida (RS),3842,51093.0,13298.54,2416.0,48676.0,18866.0,2739.0,15948.0,11123.0
4320651,Silveira Martins,Silveira Martins (RS),2449,25083.0,10242.14,912.0,24171.0,7889.0,1565.0,6057.0,8659.0
4320677,Sinimbu,Sinimbu (RS),10068,110719.0,10997.12,6232.0,104487.0,35553.0,4216.0,38033.0,26684.0
4320701,Sobradinho,Sobradinho (RS),14283,218756.0,15315.83,18049.0,200707.0,23160.0,29637.0,112327.0,35583.0
4320800,Soledade,Soledade (RS),30044,363255.0,12090.77,29926.0,333329.0,45302.0,49441.0,167259.0,71326.0
4318002,São Borja,São Borja (RS),61671,982265.0,15927.5,86795.0,895470.0,185097.0,130932.0,428671.0,150770.0
4318051,São Domingos do Sul,São Domingos do Sul (RS),2926,33589.0,11479.49,1269.0,32319.0,12485.0,3988.0,7528.0,8318.0
4318101,São Francisco de Assis,São Francisco de Assis (RS),19254,188821.0,9806.85,8427.0,180395.0,59848.0,8735.0,62534.0,49278.0
4318200,São Francisco de Paula,São Francisco de Paula (RS),20537,326081.0,15877.73,19089.0,306992.0,133653.0,31631.0,90725.0,50984.0
4318309,São Gabriel,São Gabriel (RS),60425,996980.0,16499.46,94126.0,902854.0,167587.0,180463.0,410254.0,144550.0
4318408,São Jerônimo,São Jerônimo (RS),22134,346806.0,15668.47,38889.0,307917.0,34217.0,81371.0,137982.0,54347.0
4318440,São Jorge,São Jorge (RS),2774,43726.0,15762.8,1822.0,41904.0,18544.0,2898.0,12115.0,8346.0
4318457,São José das Missões,São José das Missões (RS),2720,30873.0,11350.37,1063.0,29810.0,13308.0,1150.0,6599.0,8754.0
4318465,São José do Herval,São José do Herval (RS),2204,26427.0,11990.47,1807.0,24620.0,8842.0,1296.0,6822.0,7660.0
4318481,São José do Hortêncio,São José do Hortêncio (RS),4094,77234.0,18865.17,5288.0,71946.0,9384.0,34823.0,16654.0,11085.0
4318499,São José do Inhacorá,São José do Inhacorá (RS),2200,37786.0,17175.45,1727.0,36059.0,16787.0,3843.0,7329.0,8100.0
4318507,São José do Norte,São José do Norte (RS),25503,205442.0,8055.6,12498.0,192943.0,52258.0,18111.0,61116.0,61459.0
4318606,São José do Ouro,São José do Ouro (RS),6904,158343.0,22934.97,8325.0,150018.0,48466.0,9732.0,74228.0,17593.0
4318614,São José do Sul,São José do Sul (RS),2082,30467.0,14633.53,1764.0,28703.0,12936.0,3593.0,5271.0,6903.0
4318622,São José dos Ausentes,São José dos Ausentes (RS),3290,60491.0,18386.32,1494.0,58997.0,22442.0,12995.0,12626.0,10934.0
4318424,São João da Urtiga,São João da Urtiga (RS),4726,61366.0,12984.77,3140.0,58226.0,24151.0,2544.0,18406.0,13125.0
4318432,São João do Polêsine,São João do Polêsine (RS),2635,29942.0,11363.19,1898.0,28044.0,6760.0,1550.0,11753.0,7981.0
4318705,São Leopoldo,São Leopoldo (RS),214087,4455336.0,20810.87,654883.0,3800453.0,1860.0,1332290.0,1867239.0,599064.0
4318804,São Lourenço do Sul,São Lourenço do Sul (RS),43111,485235.0,11255.48,33435.0,451800.0,114428.0,33600.0,197501.0,106271.0
4318903,São Luiz Gonzaga,São Luiz Gonzaga (RS),34556,522978.0,15134.22,40132.0,482845.0,109763.0,42897.0,244208.0,85977.0
4319000,São Marcos,São Marcos (RS),20103,408329.0,20311.84,62405.0,345924.0,20648.0,131475.0,141024.0,52778.0
4319109,São Martinho,São Martinho (RS),5773,94956.0,16448.29,5008.0,89948.0,37586.0,6612.0,29882.0,15868.0
4319125,São Martinho da Serra,São Martinho da Serra (RS),3201,72328.0,22595.44,2575.0,69753.0,41382.0,2882.0,15112.0,10377.0
4319158,São Miguel das Missões,São Miguel das Missões (RS),7421,189716.0,25564.75,6644.0,183073.0,108871.0,7279.0,45838.0,21085.0
4319208,São Nicolau,São Nicolau (RS),5727,60154.0,10503.58,2453.0,57701.0,22325.0,2271.0,17537.0,15568.0
4319307,São Paulo das Missões,São Paulo das Missões (RS),6364,75343.0,11838.94,3140.0,72203.0,26109.0,6191.0,22975.0,16927.0
4319356,São Pedro da Serra,São Pedro da Serra (RS),3315,33053.0,9970.74,2170.0,30883.0,7853.0,5026.0,7696.0,10308.0
4319364,São Pedro das Missões,São Pedro das Missões (RS),1886,24120.0,12788.97,388.0,23732.0,11838.0,971.0,3893.0,7029.0
4319372,São Pedro do Butiá,São Pedro do Butiá (RS),2873,49810.0,17337.28,2391.0,47419.0,24095.0,3056.0,9944.0,10324.0
4319406,São Pedro do Sul,São Pedro do Sul (RS),16368,182866.0,11172.17,12499.0,170368.0,32769.0,25570.0,69490.0,42539.0
4319505,São Sebastião do Caí,São Sebastião do Caí (RS),21932,389760.0,17771.29,50782.0,338978.0,17372.0,78994.0,183647.0,58966.0
4319604,São Sepé,São Sepé (RS),23798,328887.0,13819.94,23381.0,305506.0,83793.0,30272.0,127949.0,63492.0
4319703,São Valentim,São Valentim (RS),3632,56726.0,15618.39,3474.0,53252.0,15731.0,6796.0,19769.0,10956.0
4319711,São Valentim do Sul,São Valentim do Sul (RS),2168,38531.0,17772.6,1899.0,36632.0,13957.0,8745.0,7083.0,6848.0
4319737,São Valério do Sul,São Valério do Sul (RS),2647,27286.0,10308.27,630.0,26656.0,11552.0,1040.0,5408.0,8656.0
4319752,São Vendelino,São Vendelino (RS),1944,32137.0,16531.38,2703.0,29434.0,4677.0,8944.0,8719.0,7094.0
4319802,São Vicente do Sul,São Vicente do Sul (RS),8440,101807.0,12062.44,4662.0,97145.0,36593.0,6037.0,31511.0,23005.0
4320453,Sério,Sério (RS),2281,25258.0,11073.21,490.0,24768.0,11605.0,1339.0,4376.0,7449.0
4320859,Tabaí,Tabaí (RS),4131,46205.0,11184.94,2442.0,43763.0,17837.0,2813.0,10916.0,12197.0
4320909,Tapejara,Tapejara (RS),19250,429588.0,22316.26,71652.0,357936.0,35301.0,118617.0,155240.0,48777.0
4321006,Tapera,Tapera (RS),10448,257340.0,24630.55,27049.0,230291.0,30638.0,71672.0,101903.0,26078.0
4321105,Tapes,Tapes (RS),16629,206604.0,12424.32,12471.0,194133.0,49690.0,24550.0,77509.0,42384.0
4321204,Taquara,Taquara (RS),54643,774211.0,14168.53,73894.0,700318.0,11173.0,155094.0,398455.0,135595.0
4321303,Taquari,Taquari (RS),26092,424905.0,16284.88,46857.0,378048.0,53615.0,120672.0,138906.0,64856.0
4321329,Taquaruçu do Sul,Taquaruçu do Sul (RS),2966,38975.0,13140.59,2246.0,36728.0,13831.0,1694.0,11817.0,9387.0
4321352,Tavares,Tavares (RS),5351,54752.0,10232.11,2473.0,52279.0,17636.0,6494.0,13549.0,14600.0
4321402,Tenente Portela,Tenente Portela (RS),13719,163289.0,11902.4,11335.0,151954.0,35534.0,9579.0,74762.0,32078.0
4321436,Terra de Areia,Terra de Areia (RS),9878,88774.0,8987.04,8391.0,80383.0,8056.0,5737.0,40943.0,25648.0
4321451,Teutônia,Teutônia (RS),27272,697408.0,25572.31,90928.0,606481.0,36302.0,247721.0,253915.0,68543.0
4321469,Tio Hugo,Tio Hugo (RS),2724,54105.0,19862.33,4921.0,49184.0,14115.0,3385.0,22445.0,9238.0
4321477,Tiradentes do Sul,Tiradentes do Sul (RS),6461,59616.0,9227.05,2479.0,57137.0,24314.0,2984.0,13701.0,16138.0
4321493,Toropi,Toropi (RS),2952,32495.0,11007.79,1382.0,31113.0,12607.0,1664.0,8029.0,8813.0
4321501,Torres,Torres (RS),34656,505242.0,14578.77,39500.0,465742.0,18479.0,57126.0,300671.0,89466.0
4321600,Tramandaí,Tramandaí (RS),41585,485428.0,11673.15,37890.0,447538.0,4618.0,54091.0,271113.0,117716.0
4321626,Travesseiro,Travesseiro (RS),2314,44431.0,19200.95,1877.0,42554.0,13946.0,16334.0,4930.0,7345.0
4321956,Trindade do Sul,Trindade do Sul (RS),5787,75700.0,13081.04,4329.0,71371.0,25860.0,8340.0,21628.0,15543.0
4322004,Triunfo,Triunfo (RS),25793,5670541.0,219848.06,1167976.0,4502564.0,40506.0,3162951.0,1157419.0,141689.0
4321634,Três Arroios,Três Arroios (RS),2855,38522.0,13492.82,1626.0,36896.0,15675.0,1610.0,9776.0,9834.0
4321667,Três Cachoeiras,Três Cachoeiras (RS),10217,115972.0,11350.89,10576.0,105395.0,11187.0,10148.0,58789.0,25271.0
4321709,Três Coroas,Três Coroas (RS),23848,720061.0,30193.77,91087.0,628974.0,3150.0,410565.0,154108.0,61151.0
4321832,Três Forquilhas,Três Forquilhas (RS),2914,27446.0,9418.67,1107.0,26338.0,10411.0,1404.0,4923.0,9601.0
4321857,Três Palmeiras,Três Palmeiras (RS),4381,64836.0,14799.36,3368.0,61468.0,23588.0,6110.0,19001.0,12769.0
4321907,Três Passos,Três Passos (RS),23965,380637.0,15883.04,36401.0,344236.0,39243.0,67180.0,174946.0,62866.0
4321808,Três de Maio,Três de Maio (RS),23726,408324.0,17209.98,39421.0,368903.0,59228.0,36846.0,212685.0,60144.0
4322103,Tucunduva,Tucunduva (RS),5898,108793.0,18445.74,9259.0,99534.0,25632.0,4212.0,53082.0,16608.0
4322152,Tunas,Tunas (RS),4395,41433.0,9427.3,1594.0,39839.0,17020.0,1340.0,8772.0,12708.0
4322186,Tupanci do Sul,Tupanci do Sul (RS),1573,25546.0,16240.31,712.0,24833.0,12734.0,933.0,5117.0,6049.0
4322202,Tupanciretã,Tupanciretã (RS),22281,535175.0,24019.34,39167.0,496008.0,190766.0,28712.0,215580.0,60950.0
4322251,Tupandi,Tupandi (RS),3924,183648.0,46801.22,24197.0,159451.0,19209.0,99155.0,29199.0,11888.0
4322301,Tuparendi,Tuparendi (RS),8557,137988.0,16125.75,9931.0,128057.0,39095.0,14733.0,51716.0,22513.0
4322327,Turuçu,Turuçu (RS),3522,42963.0,12198.47,1732.0,41230.0,17611.0,1688.0,10423.0,11508.0
4322343,Ubiretama,Ubiretama (RS),2296,28613.0,12462.11,1207.0,27406.0,12727.0,739.0,6465.0,7475.0
4322376,Unistalda,Unistalda (RS),2450,29289.0,11954.69,1090.0,28199.0,12359.0,921.0,5910.0,9009.0
4322350,União da Serra,União da Serra (RS),1487,30784.0,20702.08,494.0,30291.0,19613.0,1033.0,3618.0,6027.0
4322400,Uruguaiana,Uruguaiana (RS),125435,1518547.0,12106.25,134024.0,1384523.0,236943.0,131638.0,714638.0,301303.0
4322509,Vacaria,Vacaria (RS),61342,1214765.0,19803.15,140306.0,1074459.0,177239.0,117209.0,626353.0,153658.0
4322541,Vale Real,Vale Real (RS),5118,58801.0,11489.06,4358.0,54443.0,12054.0,10496.0,18123.0,13770.0
4322525,Vale Verde,Vale Verde (RS),3253,40318.0,12394.1,1360.0,38958.0,17308.0,3286.0,7816.0,10549.0
4322533,Vale do Sol,Vale do Sol (RS),11077,210211.0,18977.25,6990.0,203220.0,61399.0,80798.0,33237.0,27786.0
4322558,Vanini,Vanini (RS),1984,30731.0,15489.42,897.0,29834.0,14336.0,1442.0,7478.0,6578.0
4322608,Venâncio Aires,Venâncio Aires (RS),65946,1722109.0,26113.93,210175.0,1511934.0,134297.0,624111.0,592588.0,160938.0
4322707,Vera Cruz,Vera Cruz (RS),23983,388823.0,16212.44,41463.0,347360.0,44375.0,83572.0,156321.0,63092.0
4322806,Veranópolis,Veranópolis (RS),22810,612325.0,26844.59,85324.0,527000.0,23365.0,225347.0,218410.0,59878.0
4322855,Vespasiano Corrêa,Vespasiano Correa (RS),1974,34526.0,17490.37,1735.0,32791.0,17978.0,1660.0,6767.0,6385.0
4322905,Viadutos,Viadutos (RS),5311,58802.0,11071.74,2471.0,56330.0,20766.0,2722.0,18853.0,13989.0
4323002,Viamão,Viamão (RS),239384,1948820.0,8140.98,205138.0,1743683.0,83387.0,340804.0,795768.0,523723.0
4323101,Vicente Dutra,Vicente Dutra (RS),5285,46112.0,8725.07,978.0,45133.0,19346.0,1856.0,9156.0,14776.0
4323200,Victor Graeff,Victor Graeff (RS),3036,73928.0,24350.46,3950.0,69978.0,32203.0,4184.0,22629.0,10962.0
4323309,Vila Flores,Vila Flores (RS),3207,87574.0,27307.14,13021.0,74553.0,11317.0,36812.0,16541.0,9883.0
4323358,Vila Lângaro,Vila Lângaro (RS),2152,43271.0,20107.34,1707.0,41564.0,22347.0,2178.0,9010.0,8030.0
4323408,Vila Maria,Vila Maria (RS),4221,113769.0,26953.09,10488.0,103281.0,43006.0,12670.0,35092.0,12513.0
4323457,Vila Nova do Sul,Vila Nova do Sul (RS),4221,46748.0,11075.1,2681.0,44067.0,13660.0,5561.0,12469.0,12376.0
4323507,Vista Alegre,Vista Alegre (RS),2832,39384.0,13906.78,2145.0,37239.0,16339.0,1181.0,10965.0,8754.0
4323606,Vista Alegre do Prata,Vista Alegre do Prata (RS),1569,34646.0,22081.58,2486.0,32160.0,14930.0,1213.0,9405.0,6612.0
4323705,Vista Gaúcha,Vista Gaúcha (RS),2759,36629.0,13276.19,1129.0,35500.0,18556.0,1821.0,6917.0,8207.0
4323754,Vitória das Missões,Vitória das Missões (RS),3485,41305.0,11852.22,1061.0,40244.0,21198.0,1498.0,7043.0,10506.0
4323770,Westfália,Westfalia (RS),2793,67026.0,23997.85,6575.0,60451.0,20286.0,16173.0,14058.0,9934.0
4323804,Xangri-lá,Xangri-Lá (RS),12434,207981.0,16726.8,16339.0,191642.0,810.0,36609.0,106940.0,47282.0
4300059,Água Santa,Água Santa (RS),3722,100548.0,27014.51,7943.0,92605.0,34175.0,7033.0,39325.0,12073.0
4301552,Áurea,Áurea (RS),3665,47837.0,13052.39,2575.0,45262.0,18323.0,2276.0,14245.0,10417.0
